{
  "$schema": "https://schema.management.azure.com/schemas/2019-04-01/deploymentParameters.json#",
  "contentVersion": "1.0.0.0",
  "parameters": {
    "environmentName": {
      "value": "${AZURE_ENV_NAME}"
    },
    "location": {
      "value": "${AZURE_LOCATION}"
    },
    "principalId": {
      "value": "${AZURE_PRINCIPAL_ID}"
    },
    "deployAcr": {
      "value": "${DEPLOY_AZURE_CONTAINER_REGISTRY=false}"
    },
    "cosmosdbAccountKind": {
      "value": "${AZURE_COSMOSDB_ACCOUNT_KIND=MongoDB}"
    }
  }
}