{
  "resource_group_name_suffix": "${AZURE_ENV_NAME}",
  "location": "${AZURE_LOCATION}",
  "aks_node_pool_vm_size": "${AKS_NODE_POOL_VM_SIZE}",
  "ai_location": "${AZURE_OPENAI_LOCATION}",
  "deploy_azure_cosmosdb": "${DEPLOY_AZURE_COSMOSDB}",
  "cosmosdb_account_kind": "${AZURE_COSMOSDB_ACCOUNT_KIND}",
  "cosmosdb_failover_location": "${AZURE_COSMOSDB_FAILOVER_LOCATION}",
  "deploy_azure_container_registry": "${DEPLOY_AZURE_CONTAINER_REGISTRY}",
  "deploy_azure_workload_identity": "${DEPLOY_AZURE_WORKLOAD_IDENTITY}",
  "deploy_azure_openai": "${DEPLOY_AZURE_OPENAI}",
  "deploy_azure_openai_dalle_model": "${DEPLOY_AZURE_OPENAI_DALL_E_MODEL}",
  "deploy_azure_servicebus": "${DEPLOY_AZURE_SERVICE_BUS}",
  "deploy_observability_tools": "${DEPLOY_OBSERVABILITY_TOOLS}"
}